<?xml version="1.0" encoding="UTF-8"?>
<Config>
    <State id="0">
        <message>Hello, My name is MajBot, what is your name?</message>
        <keywords>       
            <keyword target="16" variable="name" points="2">.*name is ([a-zA-z]+).*</keyword>
            <keyword target="16" variable="name">([a-zA-Z ]+)</keyword>
        </keywords>
    </State>

    <State id="1">
        <message>What do you want to talk about?</message>
        <message>What else?</message>
        <message>Tell me more...</message>
        <message>What is it that you really want to know? </message>
        <keyword className="Weather" arg="today">weather</keyword>
        <keyword className="Weather" arg="tomorrow">tomorrow weather</keyword>
        <keyword className="Weather" arg="dayaftertomorrow">day after tomorrow</keyword>
        <keyword target="15" variable="status">.*I am ([a-zA-Z]+).*</keyword>
        <keyword target="16" variable="name">.*my name is ([a-zA-z]+).*</keyword>
        <keyword variable="subject" target="27">([a-zA-z]+)</keyword>
    </State>

    <State id="11">
        <message>That's great, why you are happy?</message>
        <keywords>
            <keyword target="21">lottery</keyword>
            <keyword target="23">finish assignment</keyword>
            <keyword target="32">holiday</keyword>
            <keyword target="22">*</keyword>
        </keywords>
    </State>

    <State id="13">
        <message>Why, what is wrong?</message>
        <keywords>
            <keyword target="22">sick</keyword>
            <keyword target="25">*</keyword>
        </keywords>
    </State>

    <State id="14">
        <message>I'm very well, thanks.</message>
    </State>

    <State id="15">
        <message>Why you are [status]?</message>
        <keyword target="26" variable="reason">.*because (.*)</keyword>
    </State>

    <State id="16">
        <message>Hello [name], how are you today?</message>
        <keyword target="11">happy, very happy</keyword>
        <keyword target="13">not happy,not good,not fine,sad,upset</keyword>
        <keyword target="23">fine, good, thanks</keyword>
    </State>

    <State id="21">
        <message>Wow, will you give me some?</message>
        <keywords>
            <keyword target="31">Yes</keyword>
            <keyword target="41">No</keyword>
        </keywords>
    </State>

    <State id="22">
        <message>Oh, I hope you get better soon</message>
    </State>

    <State id="23">
        <message>That's good, what is your plan?</message>
        <keywords>
            <keyword target="32">holiday</keyword>
            <keyword target="33">about,what</keyword>
            <keyword target="43">*</keyword>
        </keywords>
    </State>

    <State id="24">
        <message>Do you believe that is a good reason to be happy?</message>
        <keyword target="43">*</keyword>
    </State>

    <State id="25">
        <message>Sorry to hear that! What happen?</message>
        <keyword target="44">*</keyword>
    </State>

    <State id="26">
        <message>[name] do you think that is a good reason to be [status]?</message>
        <keyword target="43">*</keyword>
    </State>

    <State id="27">
        <message>What is [subject]?</message>
        <keyword target="43" variable="result" learn="subject">(.*)</keyword>
    </State>

    <State id="31">
        <message>Great, I appreciate that</message>
    </State>

    <State id="32">
        <message>Cool, that sounds like a good plan.</message>
        <message>I wish I could come</message>
    </State>

    <State id="33">
        <message>Any plan for your future?</message>
        <keyword target="42">no</keyword>
        <keyword target="43">*</keyword>
    </State>

    <State id="41">
        <message>You are greedy!</message>
    </State>

    <State id="42">
        <message>Why not?</message>
        <keyword target="43">*</keyword>
    </State>

    <State id="43">
        <message>Interesting...</message>
        <message>I see...</message>
        <message>Hmmm...</message>
        <message>No comment...</message>
    </State>

    <State id="44">
        <message>What do you mean?</message>
        <keyword target="43">*</keyword>
    </State>
    
    <InvalidMessages>
        <message>Huh, I didn't understand?</message>
        <message>Sorry, I am slow!</message>
        <message>What do you mean?</message>
        <message>Could you explain?</message>
        <message>Sorry about that, please explain clearly</message>
    </InvalidMessages>
</Config>
